{"mean":{"confidence_interval":{"confidence_level":0.95,"lower_bound":801.679177126,"upper_bound":860.6242090333662},"point_estimate":828.7943441454543,"standard_error":15.149110744608354},"median":{"confidence_interval":{"confidence_level":0.95,"lower_bound":777.3785490615579,"upper_bound":801.0588003933137},"point_estimate":783.2289085545723,"standard_error":7.407677565841367},"median_abs_dev":{"confidence_interval":{"confidence_level":0.95,"lower_bound":32.2345839956551,"upper_bound":61.7265952109186},"point_estimate":37.49619742077299,"standard_error":8.342467735028139},"slope":{"confidence_interval":{"confidence_level":0.95,"lower_bound":830.6003332384363,"upper_bound":934.1969447183096},"point_estimate":878.602552750137,"standard_error":26.53025535618992},"std_dev":{"confidence_interval":{"confidence_level":0.95,"lower_bound":87.8346425736182,"upper_bound":204.69299559520903},"point_estimate":152.29487031560976,"standard_error":29.893919833140025}}