{"mean":{"confidence_interval":{"confidence_level":0.95,"lower_bound":142.1889203379956,"upper_bound":143.8060602427072},"point_estimate":142.95042980249661,"standard_error":0.4131224772789935},"median":{"confidence_interval":{"confidence_level":0.95,"lower_bound":141.52615174310642,"upper_bound":142.84257589419897},"point_estimate":142.59652698107135,"standard_error":0.3908085839518665},"median_abs_dev":{"confidence_interval":{"confidence_level":0.95,"lower_bound":1.9512653879601995,"upper_bound":3.9458317332323456},"point_estimate":3.1752992253239403,"standard_error":0.4729862949077376},"slope":{"confidence_interval":{"confidence_level":0.95,"lower_bound":141.43992786532,"upper_bound":143.0115764206978},"point_estimate":142.14460846985065,"standard_error":0.4006902147253371},"std_dev":{"confidence_interval":{"confidence_level":0.95,"lower_bound":2.857214677247891,"upper_bound":5.315764612120692},"point_estimate":4.146336107203456,"standard_error":0.6306584285529099}}