{"mean":{"confidence_interval":{"confidence_level":0.95,"lower_bound":9447.180706145935,"upper_bound":9760.754359737744},"point_estimate":9590.255011501762,"standard_error":80.34482047175392},"median":{"confidence_interval":{"confidence_level":0.95,"lower_bound":9290.46701414743,"upper_bound":9536.06703357182},"point_estimate":9373.30480532028,"standard_error":85.59123372374759},"median_abs_dev":{"confidence_interval":{"confidence_level":0.95,"lower_bound":312.78027960056295,"upper_bound":497.068472922924},"point_estimate":436.8111430527724,"standard_error":52.22292039231587},"slope":{"confidence_interval":{"confidence_level":0.95,"lower_bound":9462.566415561985,"upper_bound":10200.499757926524},"point_estimate":9813.794760125927,"standard_error":189.93683579352847},"std_dev":{"confidence_interval":{"confidence_level":0.95,"lower_bound":440.4099658640515,"upper_bound":1114.0689026719256},"point_estimate":810.0390915533352,"standard_error":171.3785590458467}}